{"call":"feols(fml = depth ~ mag, data = quakes)","r_squared":0.05319375,"coef":{"(Intercept)":{"est":881.62502357,"se":76.4443861,"t":11.53289429,"p":5.63241902e-29,"stars":"***"},"mag":{"est":-123.42092104,"se":16.48252628,"t":-7.4879857,"p":1.53539289e-13,"stars":"***"}},"nobs":1000}
