{"call":"feols(fml = depth ~ mag + mag^2, data = quakes)","r_squared":0.06025187,"coef":{"(Intercept)":{"est":2704.55191656,"se":670.5100021,"t":4.03357431,"p":0.00005913,"stars":"***"},"mag":{"est":-893.21258275,"se":281.79031495,"t":-3.16977744,"p":0.00157205,"stars":"***"},"I(mag^2)":{"est":80.60463059,"se":29.4559789,"t":2.73644379,"p":0.00632111,"stars":"***"}},"nobs":1000}
